No,No_Category
10-271,Blanks
10-275,Blanks
100-629,Blanks
100-630,Blanks
100-632,Blanks
1000-102,Blanks
1000-103,Blanks
1000-104,Blanks
102-664,Blanks
103-1243,Blanks
103-1263,Blanks
103-713,Blanks
104-1018,Blanks
104-1250,Blanks
104-764,Blanks
105-1247,Blanks
105-751,Blanks
106-752,Blanks
108-757,Blanks
109-1039,Blanks
109-146,Blanks
109-791,Blanks
11-018,Blanks
1-Nov,Blanks
11-1160,Blanks
11-1161,Blanks
11-1162,Blanks
11-1164,Blanks
11-1165,Blanks
11-1166,Blanks
11-1167,Blanks
11-1168,Blanks
11-1169,Blanks
11-1170,Blanks
11-1171,Blanks
11-1172,Blanks
11-1204,Blanks
11-1205,Blanks
11-1257,Blanks
11-1328,Blanks
11-194,Blanks
11-413,Blanks
11-417,Blanks
11-421,Blanks
11-425,Blanks
110-1093,Blanks
112-1,Blanks
112-3,Blanks
1120-1,Blanks
12-1163,Blanks
12-267,Blanks
12-721,Blanks
120-838,Blanks
121-1202,Blanks
121-1281,Blanks
121-1297,Blanks
121-858,Blanks
122-945,Blanks
123-969,Blanks
124-1159,Blanks
125-1038,Blanks
125-1137,Blanks
125-1146,Blanks
125-1323,Blanks
125-978,Blanks
128-1015,Blanks
128-1072,Blanks
129-1326,Blanks
13-1005,Blanks
13-1006,Blanks
13-1156,Blanks
13-1158,Blanks
13-1206,Blanks
13-1329,Blanks
13-680,Blanks
13-725,Blanks
132-1037,Blanks
133-1047,Blanks
133-1240,Blanks
133-1241,Blanks
133-1252,Blanks
133-1254,Blanks
133-1258,Blanks
134-1049,Blanks
135-1,Blanks
135-1230,Blanks
135-2,Blanks
136-1063,Blanks
138-1095,Blanks
14-1,Blanks
14-2,Blanks
141-1070,Blanks
145-1044,Blanks
146-1069,Blanks
147-1071,Blanks
148-1086,Blanks
148-1197,Blanks
148-1200,Blanks
148-1218,Blanks
148-1218A,Blanks
148-1224,Blanks
148-1228,Blanks
148-1228A,Blanks
148-1267,Blanks
149-1091,Blanks
15-279,Blanks
15-280,Blanks
15-324,Blanks
151-1098,Blanks
151-1330,Blanks
154-1124,Blanks
154-1155,Blanks
154-1174,Blanks
157-101,Blanks
157-102,Blanks
157-103,Blanks
157-104,Blanks
157-105,Blanks
157-106,Blanks
157-107,Blanks
157-108,Blanks
157-109,Blanks
157-110,Blanks
157-111,Blanks
158-1176,Blanks
159-101,Blanks
159-102,Blanks
159-103,Blanks
159-104,Blanks
159-105,Blanks
159-106,Blanks
159-107,Blanks
159-108,Blanks
159-109,Blanks
159-110,Blanks
159-111,Blanks
16-1331,Blanks
16-200,Blanks
160-101,Blanks
160-102,Blanks
160-103,Blanks
160-104,Blanks
160-107,Blanks
160-108,Blanks
160-109,Blanks
162-105,Blanks
163-1183,Blanks
164-1190,Blanks
164-1209,Blanks
167-1198,Blanks
169-1264,Blanks
17-065,Blanks
170-1325,Blanks
171-1292,Blanks
171-1293,Blanks
171-1294,Blanks
171-1295,Blanks
171-1296,Blanks
172-1298,Blanks
174-1332,Blanks
176-1315,Blanks
177-1331,Blanks
18-010,Blanks
18-011,Blanks
18-016,Blanks
18-017,Blanks
18-086,Blanks
18-098,Blanks
18-1,Blanks
18-104,Blanks
18-1042,Blanks
18-1106,Blanks
18-1108,Blanks
18-1219,Blanks
18-1225,Blanks
18-1231,Blanks
18-1231A,Blanks
18-1248,Blanks
18-1249,Blanks
18-1272,Blanks
18-1282,Blanks
18-1322,Blanks
18-201,Blanks
18-202,Blanks
18-204,Blanks
18-253,Blanks
18-3,Blanks
18-429,Blanks
18-553,Blanks
18-686,Blanks
18-692,Blanks
18-711,Blanks
18-772,Blanks
18-782,Blanks
18-864,Blanks
19-004,Blanks
19-013,Blanks
19-028,Blanks
19-061,Blanks
19-1,Blanks
19-1036,Blanks
19-1051,Blanks
19-1061,Blanks
19-1066,Blanks
19-1109,Blanks
19-1122,Blanks
19-1132,Blanks
19-1203,Blanks
19-1227,Blanks
19-1227-003AE,Blanks
19-1227A,Blanks
19-1229,Blanks
19-1232,Blanks
19-1232A,Blanks
19-1253,Blanks
19-1256,Blanks
19-1261,Blanks
19-1266,Blanks
19-1275,Blanks
19-1277,Blanks
19-1283,Blanks
19-1284,Blanks
19-1285-080AE,Blanks
19-1319,Blanks
19-1320,Blanks
19-1324,Blanks
19-2,Blanks
19-208,Blanks
19-209,Blanks
19-251,Blanks
19-3,Blanks
19-304,Blanks
19-366,Blanks
19-4,Blanks
19-476,Blanks
19-503,Blanks
19-536,Blanks
19-557,Blanks
19-6,Blanks
19-609,Blanks
19-648,Blanks
19-701,Blanks
19-768,Blanks
19-860,Blanks
19-922,Blanks
19-926,Blanks
21-152,Blanks
21.102-664,OC Items
21.112-1,OC Items
21.14-1,OC Items
21.141-1070,OC Items
21.171-1296,OC Items
21.18-1248,OC Items
21.18-1322,OC Items
21.18-772,OC Items
21.19-251,OC Items
21.19-768,OC Items
21.23-370,OC Items
21.31-069,OC Items
22-449,Blanks
22-688,Blanks
22-828,Blanks
23-034,Blanks
23-1046,Blanks
23-255,Blanks
23-368,Blanks
23-370,Blanks
23-430,Blanks
23-434,Blanks
23-484,Blanks
23-735,Blanks
23-766,Blanks
24-032,Blanks
24-033,Blanks
24-105,Blanks
24-106,Blanks
25-023,Blanks
25-040,Blanks
26-030,Blanks
26-031,Blanks
27-007,Blanks
27-008,Blanks
27-015,Blanks
27-064,Blanks
27-079,Blanks
27-1,Blanks
27-1102,Blanks
27-1235,Blanks
27-145,Blanks
27-186,Blanks
27-187,Blanks
27-2,Blanks
27-210,Blanks
27-211,Blanks
27-303,Blanks
27-621,Blanks
27-650,Blanks
270-1,Blanks
30-1103,Blanks
30-287,Blanks
30.171-1296,OC Items
30.18-202,OC Items
30.18-772,OC Items
30.31-069,OC Items
30.39-071,OC Items
30.83-473,OC Items
31-069,Blanks
31-1,Blanks
31-1060,Blanks
31-2,Blanks
31-538,Blanks
32-1,Blanks
32-1104,Blanks
32-285,Blanks
32-467,Blanks
32-934,Blanks
34-183,Blanks
37-025,Blanks
37-077,Blanks
37-143,Blanks
39-071,Blanks
39-165,Blanks
39-165A,Blanks
39102-1,Blanks
3931-1,Blanks
3932-1,Blanks
39950-1,Blanks
39950-2,Blanks
3995015-1,Blanks
43-045,Blanks
44-051,Blanks
45-052,Blanks
46-047,Blanks
47-049,Blanks
56-057,Blanks
57-174,Blanks
58-755,Blanks
5950-1,Blanks
60-093,Blanks
60-1105,Blanks
60-1276,Blanks
60-263,Blanks
60-284,Blanks
60-446,Blanks
60-662,Blanks
60-872,Blanks
60-930,Blanks
60-973,Blanks
601-103,Blanks
601-104,Blanks
601-105,Blanks
602-103,Blanks
602-104,Blanks
602-105,Blanks
61-306,Blanks
61-307,Blanks
61-308,Blanks
61-309,Blanks
61-310,Blanks
61-311,Blanks
61-312,Blanks
62-001,Blanks
62-075,Blanks
62-315,Blanks
62-316,Blanks
62-319,Blanks
62-321,Blanks
62-322,Blanks
64-219,Blanks
65.1-112,OC Items
65.102-1318,OC Items
65.102-664,OC Items
65.103-713,OC Items
65.104-1018,OC Items
65.105-1247,OC Items
65.109-791,OC Items
65.11-1169,OC Items
65.11-1172,OC Items
65.11-1205,OC Items
65.11-1257,OC Items
65.11-975,OC Items
65.112-1,OC Items
65.121-1202,OC Items
65.121-1281,OC Items
65.121-1297,OC Items
65.121-858,OC Items
65.125-1038,OC Items
65.125-1146,OC Items
65.125-978,OC Items
65.13-1329,OC Items
65.133-1047,OC Items
65.133-1244,OC Items
65.133-1258,OC Items
65.138-1095,OC Items
65.14-1,OC Items
65.14-2,OC Items
65.141-1070,OC Items
65.147-1071,OC Items
65.148-1200,OC Items
65.148-1228,OC Items
65.149-1091,OC Items
65.151-1098,OC Items
65.151-1330,OC Items
65.154-1124,OC Items
65.158-1175,OC Items
65.16-101,OC Items
65.16-1331,OC Items
65.16108,"OC Items, Retails"
65.161131,"OC Items, Retails"
65.16114,"OC Items, Retails"
65.161204,"OC Items, Retails"
65.161244,"OC Items, Retails"
65.164-1209,OC Items
65.167-1198,OC Items
65.17-065,OC Items
65.171-1292,OC Items
65.171-1293,OC Items
65.171-1294,OC Items
65.171-1296,OC Items
65.18-1219,OC Items
65.18-1221,OC Items
65.18-1248,OC Items
65.18-1322,OC Items
65.18-202,OC Items
65.18-204,OC Items
65.18-3,OC Items
65.18-711,OC Items
65.18-772,OC Items
65.19-004,OC Items
65.19-061,OC Items
65.19-1051,OC Items
65.19-1132,OC Items
65.19-1275,OC Items
65.19-1277,OC Items
65.19-1284,OC Items
65.19-1285,OC Items
65.19-1319,OC Items
65.19-208,OC Items
65.19-251,OC Items
65.19-366,OC Items
65.19-503,OC Items
65.19-536,OC Items
65.19-609,OC Items
65.19-768,OC Items
65.19-860,OC Items
65.23-370,OC Items
65.23-430,OC Items
65.23-484,OC Items
65.23-735,OC Items
65.23-766,OC Items
65.27-079,OC Items
65.27-1235,OC Items
65.27-2,OC Items
65.27-210,OC Items
65.30-287,OC Items
65.31-069,OC Items
65.31-2,OC Items
65.31-538,OC Items
65.32-1,OC Items
65.32-285,OC Items
65.32-467,OC Items
65.32-934,OC Items
65.39-071,OC Items
65.39-165,OC Items
65.44-051,OC Items
65.45-052,OC Items
65.46-047,OC Items
65.47-049,OC Items
65.56-057,OC Items
65.58-755,OC Items
65.60-1276,OC Items
65.60-872,OC Items
65.60-973,OC Items
65.71-602,OC Items
65.71-841,OC Items
65.78-353,OC Items
65.78-835,OC Items
65.82-1238,OC Items
65.82-1316,OC Items
65.82-1317,OC Items
65.82-404,OC Items
65.82-480,OC Items
65.82-970,OC Items
65.83-1101,OC Items
65.83-1212,OC Items
65.83-1239,OC Items
65.83-1273,OC Items
65.83-1299,OC Items
65.83-1300,OC Items
65.83-473,OC Items
65.83-605,OC Items
65.83-942,OC Items
65.84-482,OC Items
65.950-4,OC Items
65.TC,"OC Items, Retails"
65.TCM,"OC Items, Retails"
65.TCT,"OC Items, Retails"
65.TCTM,"OC Items, Retails"
651-201,Blanks
69-291,Blanks
69-358,Blanks
69-359,Blanks
69-381,Blanks
69-382,Blanks
69-600,Blanks
701-301,Blanks
71-602,Blanks
71-841,Blanks
72-230,"Others, Supplies"
72-234-D,"Others, Supplies"
72-236,"Others, Supplies"
72-237,"Others, Supplies"
72-237-1,"Others, Supplies"
72-237-2A,"Others, Supplies"
72-237-2B,"Others, Supplies"
72-237-4A,"Others, Supplies"
72-237-4B,"Others, Supplies"
72-237-6A,"Others, Supplies"
72-237-6B,"Others, Supplies"
72-237-8A,"Others, Supplies"
72-237-8B,"Others, Supplies"
72-237-S,"Others, Supplies"
72-366,"Others, Supplies"
72-465,"Others, Supplies"
72-746,"Others, Supplies"
72-967 NEWSTYLE BOOK,"Others, Supplies"
72-967-2024,"Others, Supplies"
72-967-2024 EVRGREEN,"Others, Supplies"
72-967-2025,"Others, Supplies"
74-1011,Blanks
74-167,Blanks
74-168,Blanks
74-360,Blanks
77-379,Blanks
777-C,OC Items
78-1087,Blanks
78-1130,Blanks
78-353,Blanks
78-835,Blanks
79-378,Blanks
80-1180,Blanks
80-1327,Blanks
801-401,Blanks
802-401,Blanks
803-401,Blanks
804-401,Blanks
81-398,Blanks
82-1010,Blanks
82-1053,Blanks
82-1068,Blanks
82-1173,Blanks
82-1182,Blanks
82-1215,Blanks
82-1238,Blanks
82-1316,Blanks
82-1317,Blanks
82-404,Blanks
82-480,Blanks
82-481,Blanks
82-625,Blanks
82-970,Blanks
83-1,Blanks
83-1101,Blanks
83-1212,Blanks
83-1239,Blanks
83-1273,Blanks
83-1299,Blanks
83-2,Blanks
83-3,Blanks
83-4,Blanks
83-470,Blanks
83-471,Blanks
83-473,Blanks
83-509,Blanks
83-605,Blanks
83-932,Blanks
83-942,Blanks
84-482,Blanks
85-466,Blanks
88-1280,Blanks
91-1184,Blanks
91-1234,Blanks
91-1237,Blanks
91-628,Blanks
91-634,Blanks
92-1097,Blanks
93-645,Blanks
930-1,Blanks
9305-1,Blanks
94-1195,Blanks
94-1201,Blanks
94-514,Blanks
94-518,Blanks
94-731,Blanks
94-737,Blanks
95-543,Blanks
950-4,Blanks
9505-3,Blanks
96-541,Blanks
96-577,Blanks
98-595,Blanks
98-596,Blanks
99-1242,Blanks
99-598,Blanks
99-774,Blanks
99-940,Blanks
AM. NEEDLE NON-STOCK,"OC Items, Retails"
ARTWORK RECREATION,Decoration
COLOR CHANGE,Decoration
CUSTOMSAMPLEKIT,Others
DC.102-664,DC Blanks
DC.103-1243,DC Blanks
DC.103-1263,DC Blanks
DC.103-713,DC Blanks
DC.104-1018,DC Blanks
DC.104-1250,DC Blanks
DC.104-764,DC Blanks
DC.105-1247,DC Blanks
DC.105-751,DC Blanks
DC.106-752,DC Blanks
DC.109-146,DC Blanks
DC.109-791,DC Blanks
DC.11-1,DC Blanks
DC.11-1162,DC Blanks
DC.11-1167,DC Blanks
DC.11-1168,DC Blanks
DC.11-1169,DC Blanks
DC.11-1172,DC Blanks
DC.11-1205,DC Blanks
DC.11-1257,DC Blanks
DC.11-1328,DC Blanks
DC.110-1093,DC Blanks
DC.112-1,DC Blanks
DC.112-3,DC Blanks
DC.1120-1,DC Blanks
DC.12-1163,DC Blanks
DC.12-267,DC Blanks
DC.120-838,DC Blanks
DC.121-1202,DC Blanks
DC.121-1281,DC Blanks
DC.121-1297,DC Blanks
DC.121-858,DC Blanks
DC.122-945,DC Blanks
DC.125-1038,DC Blanks
DC.125-1146,DC Blanks
DC.125-1323,DC Blanks
DC.125-978,DC Blanks
DC.13-1329,DC Blanks
DC.132-1037,DC Blanks
DC.133-1047,DC Blanks
DC.133-1240,DC Blanks
DC.133-1252,DC Blanks
DC.133-1254,DC Blanks
DC.133-1258,DC Blanks
DC.135-1,DC Blanks
DC.135-1230,DC Blanks
DC.135-2,DC Blanks
DC.14-1,DC Blanks
DC.14-2,DC Blanks
DC.141-1070,DC Blanks
DC.146-1069,DC Blanks
DC.147-1071,DC Blanks
DC.148-1197,DC Blanks
DC.148-1228,DC Blanks
DC.148-1267,DC Blanks
DC.149-1091,DC Blanks
DC.15-279,DC Blanks
DC.151-1098,DC Blanks
DC.151-1330,DC Blanks
DC.154-1124,DC Blanks
DC.154-1155,DC Blanks
DC.154-1174,DC Blanks
DC.158-1176,DC Blanks
DC.16-1331,DC Blanks
DC.16-200,DC Blanks
DC.163-1183,DC Blanks
DC.164-1190,DC Blanks
DC.164-1209,DC Blanks
DC.167-1198,DC Blanks
DC.169-1264,DC Blanks
DC.171-1292,DC Blanks
DC.171-1293,DC Blanks
DC.171-1294,DC Blanks
DC.171-1295,DC Blanks
DC.171-1296,DC Blanks
DC.172-1298,DC Blanks
DC.177-1331,DC Blanks
DC.18-010,DC Blanks
DC.18-016,DC Blanks
DC.18-1,DC Blanks
DC.18-1042,DC Blanks
DC.18-1108,DC Blanks
DC.18-1219,DC Blanks
DC.18-1225,DC Blanks
DC.18-1248,DC Blanks
DC.18-1249,DC Blanks
DC.18-1272,DC Blanks
DC.18-1282,DC Blanks
DC.18-1322,DC Blanks
DC.18-201,DC Blanks
DC.18-202,DC Blanks
DC.18-204,DC Blanks
DC.18-253,DC Blanks
DC.18-3,DC Blanks
DC.18-553,DC Blanks
DC.18-686,DC Blanks
DC.18-692,DC Blanks
DC.18-711,DC Blanks
DC.18-772,DC Blanks
DC.18-864,DC Blanks
DC.19-004,DC Blanks
DC.19-061,DC Blanks
DC.19-1,DC Blanks
DC.19-1051,DC Blanks
DC.19-1061,DC Blanks
DC.19-1066,DC Blanks
DC.19-1109,DC Blanks
DC.19-1122,DC Blanks
DC.19-1132,DC Blanks
DC.19-1203,DC Blanks
DC.19-1227,DC Blanks
DC.19-1227A,DC Blanks
DC.19-1232,DC Blanks
DC.19-1253,DC Blanks
DC.19-1256,DC Blanks
DC.19-1261,DC Blanks
DC.19-1266,DC Blanks
DC.19-1275,DC Blanks
DC.19-1277,DC Blanks
DC.19-1283,DC Blanks
DC.19-1284,DC Blanks
DC.19-1319,DC Blanks
DC.19-1320,DC Blanks
DC.19-1324,DC Blanks
DC.19-2,DC Blanks
DC.19-208,DC Blanks
DC.19-251,DC Blanks
DC.19-304,DC Blanks
DC.19-366,DC Blanks
DC.19-503,DC Blanks
DC.19-536,DC Blanks
DC.19-557,DC Blanks
DC.19-6,DC Blanks
DC.19-609,DC Blanks
DC.19-701,DC Blanks
DC.19-768,DC Blanks
DC.19-860,DC Blanks
DC.22-688,DC Blanks
DC.23-255,DC Blanks
DC.23-368,DC Blanks
DC.23-370,DC Blanks
DC.23-430,DC Blanks
DC.23-434,DC Blanks
DC.23-484,DC Blanks
DC.23-766,DC Blanks
DC.24-032,DC Blanks
DC.24-033,DC Blanks
DC.26-031,DC Blanks
DC.27-008,DC Blanks
DC.27-015,DC Blanks
DC.27-064,DC Blanks
DC.27-079,DC Blanks
DC.27-1,DC Blanks
DC.27-1235,DC Blanks
DC.27-2,DC Blanks
DC.27-210,DC Blanks
DC.27-621,DC Blanks
DC.270-1,DC Blanks
DC.30-1103,DC Blanks
DC.30-287,DC Blanks
DC.31-069,DC Blanks
DC.31-1,DC Blanks
DC.31-1060,DC Blanks
DC.31-538,DC Blanks
DC.32-1,DC Blanks
DC.32-1104,DC Blanks
DC.32-285,DC Blanks
DC.32-467,DC Blanks
DC.32-934,DC Blanks
DC.39-071,DC Blanks
DC.39-165,DC Blanks
DC.39102-1,DC Blanks
DC.3931-1,DC Blanks
DC.3932-1,DC Blanks
DC.39950-1,DC Blanks
DC.39950-2,DC Blanks
DC.3995015-1,DC Blanks
DC.44-051,DC Blanks
DC.45-052,DC Blanks
DC.46-047,DC Blanks
DC.47-049,DC Blanks
DC.56-057,DC Blanks
DC.57-174,DC Blanks
DC.58-755,DC Blanks
DC.5950-1,DC Blanks
DC.60-1276,DC Blanks
DC.60-263,DC Blanks
DC.60-662,DC Blanks
DC.60-872,DC Blanks
DC.60-973,DC Blanks
DC.651-201,DC Blanks
DC.71-602,DC Blanks
DC.71-841,DC Blanks
DC.78-1130,DC Blanks
DC.78-353,DC Blanks
DC.78-835,DC Blanks
DC.80-1180,DC Blanks
DC.80-1327,DC Blanks
DC.81-398,DC Blanks
DC.82-1010,DC Blanks
DC.82-1068,DC Blanks
DC.82-1173,DC Blanks
DC.82-1215,DC Blanks
DC.82-1238,DC Blanks
DC.82-1316,DC Blanks
DC.82-404,DC Blanks
DC.82-480,DC Blanks
DC.82-481,DC Blanks
DC.82-625,DC Blanks
DC.82-970,DC Blanks
DC.83-1,DC Blanks
DC.83-1101,DC Blanks
DC.83-1212,DC Blanks
DC.83-1239,DC Blanks
DC.83-1273,DC Blanks
DC.83-1299,DC Blanks
DC.83-2,DC Blanks
DC.83-3,DC Blanks
DC.83-4,DC Blanks
DC.83-473,DC Blanks
DC.83-509,DC Blanks
DC.83-605,DC Blanks
DC.83-932,DC Blanks
DC.83-942,DC Blanks
DC.84-482,DC Blanks
DC.88-1280,DC Blanks
DC.91-1237,DC Blanks
DC.91-628,DC Blanks
DC.92-1097,DC Blanks
DC.930-1,DC Blanks
DC.9305-1,DC Blanks
DC.950-4,DC Blanks
DC.99-598,DC Blanks
DC.99-774,DC Blanks
DC.99-940,DC Blanks
DC.NON STOCK,DC Others
DIGITIZE,Decoration
EMB SAMPLE KIT,Others
EMB05,Decoration
EMB06,Decoration
EMB07,Decoration
EMB08,Decoration
EMB09,Decoration
EMB10,Decoration
EMB11,Decoration
EMB12,Decoration
EMB13,Decoration
EMB14,Decoration
EMB15,Decoration
EMB16,Decoration
EMB17,Decoration
EMB18,Decoration
EMB19,Decoration
EMB20,Decoration
EMB22,Decoration
EMB25,Decoration
EMB3D05,Decoration
EMB3D06,Decoration
EMB3D07,Decoration
EMB3D08,Decoration
EMB3D09,Decoration
EMB3D10,Decoration
EMB3D11,Decoration
EMB3D12,Decoration
EMB3D13,Decoration
EMB3D14,Decoration
EMB3D15,Decoration
EMB3D18,Decoration
EMB3DM05,Decoration
EMBM05,Decoration
EMBM06,Decoration
EMBM11,Decoration
EMBN05,Decoration
EMBN06,Decoration
EMBN07,Decoration
EMBN08,Decoration
EMBN09,Decoration
EMBN10,Decoration
EMBN11,Decoration
EMBPC,Decoration
FLPC,Decoration
FMF POWER NON-STOCK,"OC Items, Retails"
FOILG,Decoration
FOILRG,Decoration
FOILS,Decoration
GIVEAWAY 2025,Others
GLPC,Decoration
HANGTAGS,Decoration
HEAT PRESS CHARGE,Decoration
HTDG,Decoration
HTDM,Decoration
HTF5,Decoration
HTF6,Decoration
HTP01,Decoration
HTP02,Decoration
HTP03,Decoration
HTP04,Decoration
HTP05,Decoration
HTVG,Decoration
NON STOCK PATCHES,Patch
NEILL NON STOCK,"OC Items, Retails"
OVERSEAS SAMPLE,OC Items
PALLETS,"Others, Supplies"
PRIVLABEL4S,Decoration
SEWING CHARGE,Decoration
SILIPATCH,Decoration
SKECHERS NON-STOCK,"OC Items, Retails"
SPPC,Decoration
STICKERS,Decoration
STOKEHOUSE NON-OTTO,"OC Items, Retails"
SUBPC,Decoration
TESLA NON-STOCK,"OC Items, Retails"
TPUT2,Decoration
TPUT2.5,Decoration
TPUT3,Decoration
TRAVIS MATHEW-STOCK,"OC Items, Retails"
WOVPC,Decoration
nan,Others
